Группа 4;Тип оборудования
Кат4_2175;Д
Кат4_438;В
Кат4_861;В
Кат4_4308;В
Кат4_826;Д
Кат4_1416;В
Кат4_1633;В
Кат4_2696;Д
Кат4_1777;Д
Кат4_1564;Д
Кат4_539;В
Кат4_3916;Д
Кат4_2211;Д
Кат4_1396;В
Кат4_2493;Д
Кат4_1816;Д
Кат4_2732;Д
Кат4_1001;ДЗ
Кат4_3113;Д
Кат4_2627;Д
Кат4_1399;Д
Кат4_1526;Д
Кат4_2109;Д
Кат4_1291;Д
Кат4_2975;Д
Кат4_527;Д
Кат4_2085;В
Кат4_3141;А
Кат4_1742;Д
Кат4_659;Д
Кат4_2630;Д
Кат4_1544;Д
Кат4_289;В
Кат4_705;В
Кат4_1092;В
Кат4_1510;В
Кат4_1588;В
Кат4_270;В
Кат4_463;В
Кат4_511;В
Кат4_564;В
Кат4_1010;В
Кат4_1033;В
Кат4_1150;В
Кат4_1184;В
Кат4_1358;В
Кат4_1438;В
Кат4_1552;В
Кат4_1572;В
Кат4_1623;В
Кат4_1630;В
Кат4_1710;В
Кат4_1746;В
Кат4_1763;В
Кат4_1766;В
Кат4_1877;В
Кат4_189;В
Кат4_210;В
Кат4_2150;В
Кат4_216;В
Кат4_2290;В
Кат4_2340;В
Кат4_2447;В
Кат4_2589;В
Кат4_26;В
Кат4_2647;В
Кат4_2808;В
Кат4_3012;В
Кат4_3110;В
Кат4_3233;В
Кат4_3478;В
Кат4_3890;В
Кат4_406;В
Кат4_437;В
Кат4_4429;В
Кат4_473;В
Кат4_503;В
Кат4_583;В
Кат4_643;В
Кат4_699;В
Кат4_712;В
Кат4_832;В
Кат4_912;В
Кат4_914;В
Кат4_925;В
Кат4_946;В
Кат4_969;В
Кат4_998;В
Кат4_2359;В
Кат4_2814;В
Кат4_670;В
Кат4_124;В
Кат4_2420;В
Кат4_2662;В
Кат4_3455;В
Кат4_2590;В
Кат4_1427;А
Кат4_2063;А
Кат4_2553;А
Кат4_3176;А
Кат4_3939;А
Кат4_621;А
Кат4_708;А
Кат4_1053;А
Кат4_1054;А
Кат4_1071;А
Кат4_114;А
Кат4_1170;А
Кат4_1181;А
Кат4_1191;А
Кат4_1197;А
Кат4_1262;А
Кат4_1312;А
Кат4_1402;А
Кат4_1418;А
Кат4_1465;А
Кат4_1532;А
Кат4_1575;А
Кат4_1597;А
Кат4_1639;А
Кат4_1743;А
Кат4_1771;А
Кат4_1844;А
Кат4_1911;А
Кат4_198;А
Кат4_2032;А
Кат4_2050;А
Кат4_2104;А
Кат4_2180;А
Кат4_2380;А
Кат4_2445;А
Кат4_2462;А
Кат4_254;А
Кат4_2791;А
Кат4_3382;А
Кат4_3389;А
Кат4_565;А
Кат4_64;А
Кат4_701;А
Кат4_889;А
Кат4_924;А
Кат4_990;А
Кат4_2350;А
Кат4_3291;А
Кат4_3810;А
Кат4_4493;А
Кат4_624;А
Кат4_888;А
Кат4_3872;А
Кат4_2330;В
Кат4_651;В
Кат4_1823;А
Кат4_3016;А
Кат4_2998;А
Кат4_3969;А
Кат4_2174;ДЗ
Кат4_3232;ДЗ
Кат4_987;Д
Кат4_1056;ДЗ
Кат4_1073;ДЗ
Кат4_1166;ДЗ
Кат4_1193;ДЗ
Кат4_1206;ДЗ
Кат4_1243;ДЗ
Кат4_1277;ДЗ
Кат4_1298;ДЗ
Кат4_1407;ДЗ
Кат4_1440;ДЗ
Кат4_146;ДЗ
Кат4_1589;ДЗ
Кат4_1624;ДЗ
Кат4_170;ДЗ
Кат4_1731;ДЗ
Кат4_1759;ДЗ
Кат4_1782;ДЗ
Кат4_1805;ДЗ
Кат4_1967;ДЗ
Кат4_2028;ДЗ
Кат4_2080;ДЗ
Кат4_2302;ДЗ
Кат4_231;ДЗ
Кат4_2364;ДЗ
Кат4_2378;ДЗ
Кат4_2479;ДЗ
Кат4_2498;ДЗ
Кат4_250;ДЗ
Кат4_2862;ДЗ
Кат4_35;ДЗ
Кат4_441;ДЗ
Кат4_505;ДЗ
Кат4_513;ДЗ
Кат4_573;ДЗ
Кат4_677;ДЗ
Кат4_700;ДЗ
Кат4_755;ДЗ
Кат4_818;ДЗ
Кат4_1091;ДЗ
Кат4_1104;ДЗ
Кат4_1449;ДЗ
Кат4_163;Д
Кат4_1657;ДЗ
Кат4_1876;Д
Кат4_2088;ДЗ
Кат4_2450;ДЗ
Кат4_2661;ДЗ
Кат4_313;Д
Кат4_3169;ДЗ
Кат4_455;ДЗ
Кат4_528;Д
Кат4_1248;ДЗ
Кат4_1304;ДЗ
Кат4_1395;ДЗ
Кат4_1398;ДЗ
Кат4_145;ДЗ
Кат4_1458;Д
Кат4_190;ДЗ
Кат4_267;ДЗ
Кат4_284;ДЗ
Кат4_2950;ДЗ
Кат4_3088;ДЗ
Кат4_317;ДЗ
Кат4_341;ДЗ
Кат4_42;ДЗ
Кат4_443;Д
Кат4_727;ДЗ
Кат4_83;Д
Кат4_868;ДЗ
Кат4_876;ДЗ
Кат4_1103;ДЗ
Кат4_1143;ДЗ
Кат4_121;ДЗ
Кат4_188;ДЗ
Кат4_1931;ДЗ
Кат4_312;ДЗ
Кат4_3174;ДЗ
Кат4_334;ДЗ
Кат4_3607;ДЗ
Кат4_554;ДЗ
Кат4_586;ДЗ
Кат4_612;ДЗ
Кат4_1368;ДЗ
Кат4_1846;ДЗ
Кат4_815;ДЗ
Кат4_1000;ДЗ
Кат4_1034;ДЗ
Кат4_1042;Д
Кат4_1112;ДЗ
Кат4_1152;Д
Кат4_1308;Д
Кат4_1350;ДЗ
Кат4_1376;ДЗ
Кат4_140;Д
Кат4_1405;ДЗ
Кат4_1428;Д
Кат4_1450;ДЗ
Кат4_1549;ДЗ
Кат4_1598;Д
Кат4_1640;ДЗ
Кат4_174;ДЗ
Кат4_1795;ДЗ
Кат4_1842;ДЗ
Кат4_1850;ДЗ
Кат4_1915;ДЗ
Кат4_2084;Д
Кат4_2184;ДЗ
Кат4_22;ДЗ
Кат4_224;Д
Кат4_2475;ДЗ
Кат4_2512;ДЗ
Кат4_2537;ДЗ
Кат4_2566;ДЗ
Кат4_275;Д
Кат4_2854;ДЗ
Кат4_292;ДЗ
Кат4_2941;ДЗ
Кат4_3;Д
Кат4_302;Д
Кат4_308;Д
Кат4_3419;ДЗ
Кат4_356;Д
Кат4_373;ДЗ
Кат4_3946;ДЗ
Кат4_4051;ДЗ
Кат4_4555;ДЗ
Кат4_459;Д
Кат4_477;Д
Кат4_544;Д
Кат4_574;ДЗ
Кат4_58;Д
Кат4_648;ДЗ
Кат4_68;ДЗ
Кат4_698;ДЗ
Кат4_734;Д
Кат4_770;ДЗ
Кат4_790;ДЗ
Кат4_805;Д
Кат4_937;ДЗ
Кат4_1146;ДЗ
Кат4_219;ДЗ
Кат4_613;ДЗ
Кат4_3487;ДЗ
Кат4_1305;ДЗ
Кат4_1016;Д
Кат4_1028;Д
Кат4_1075;Д
Кат4_1791;Д
Кат4_200;Д
Кат4_253;Д
Кат4_729;Д
Кат4_830;Д
Кат4_1081;Д
Кат4_1125;Д
Кат4_175;Д
Кат4_191;Д
Кат4_245;Д
Кат4_255;Д
Кат4_260;Д
Кат4_27;Д
Кат4_328;Д
Кат4_375;Д
Кат4_376;Д
Кат4_472;Д
Кат4_507;Д
Кат4_542;Д
Кат4_56;Д
Кат4_562;Д
Кат4_67;Д
Кат4_718;Д
Кат4_81;Д
Кат4_820;Д
Кат4_86;Д
Кат4_885;Д
Кат4_910;Д
Кат4_108;Д
Кат4_17;Д
Кат4_2908;Д
Кат4_382;Д
Кат4_446;Д
Кат4_736;Д
Кат4_802;Д
Кат4_91;Д
Кат4_931;Д
Кат4_966;Д
Кат4_21;Д
Кат4_272;Д
Кат4_31;Д
Кат4_59;Д
Кат4_1076;Д
Кат4_117;Д
Кат4_1493;Д
Кат4_2002;Д
Кат4_2147;Д
Кат4_2232;Д
Кат4_2663;Д
Кат4_388;Д
Кат4_53;Д
Кат4_625;Д
Кат4_837;Д
Кат4_979;Д
Кат4_985;Д
Кат4_1099;Д
Кат4_1169;Д
Кат4_1895;Д
Кат4_2316;Д
Кат4_261;Д
Кат4_900;Д
Кат4_111;Д
Кат4_1666;Д
Кат4_371;Д
Кат4_962;Д
Кат4_2;Д
Кат4_2160;Д
Кат4_1138;Д
Кат4_1244;Д
Кат4_1691;Д
Кат4_1802;Д
Кат4_1828;Д
Кат4_186;Д
Кат4_206;Д
Кат4_336;Д
Кат4_362;Д
Кат4_397;Д
Кат4_402;Д
Кат4_421;Д
Кат4_451;Д
Кат4_476;Д
Кат4_54;Д
Кат4_686;Д
Кат4_687;Д
Кат4_1009;Д
Кат4_207;Д
Кат4_2226;Д
Кат4_277;Д
Кат4_389;Д
Кат4_405;Д
Кат4_408;Д
Кат4_410;Д
Кат4_512;Д
Кат4_57;Д
Кат4_85;Д
Кат4_1541;Д
Кат4_878;Д
Кат4_218;Д
Кат4_269;Д
Кат4_1403;Д
Кат4_264;Д
Кат4_971;Д
Кат4_103;Д
Кат4_1059;Д
Кат4_1121;Д
Кат4_1235;Д
Кат4_1320;Д
Кат4_1325;Д
Кат4_1415;Д
Кат4_1487;Д
Кат4_1494;Д
Кат4_160;Д
Кат4_171;Д
Кат4_19;Д
Кат4_1966;Д
Кат4_2053;Д
Кат4_2122;Д
Кат4_2491;Д
Кат4_2538;Д
Кат4_268;Д
Кат4_2698;Д
Кат4_309;Д
Кат4_339;Д
Кат4_4;Д
Кат4_400;Д
Кат4_427;Д
Кат4_45;Д
Кат4_453;Д
Кат4_509;Д
Кат4_520;Д
Кат4_526;Д
Кат4_530;Д
Кат4_535;Д
Кат4_585;Д
Кат4_647;Д
Кат4_71;Д
Кат4_763;Д
Кат4_788;Д
Кат4_789;Д
Кат4_860;Д
Кат4_869;Д
Кат4_891;Д
Кат4_916;Д
Кат4_939;Д
Кат4_134;Д
Кат4_185;Д
Кат4_113;Д
Кат4_1523;Д
Кат4_2230;Д
Кат4_346;Д
Кат4_426;Д
Кат4_9;Д
Кат4_594;Д
Кат4_714;Д
Кат4_110;Д
Кат4_150;Д
Кат4_168;Д
Кат4_1826;Д
Кат4_217;Д
Кат4_30;Д
Кат4_32;Д
Кат4_457;Д
Кат4_478;Д
Кат4_689;Д
Кат4_72;Д
Кат4_746;Д
Кат4_78;Д
Кат4_8;Д
Кат4_87;Д
Кат4_89;Д
Кат4_986;Д
Кат4_101;Д
Кат4_105;Д
Кат4_107;Д
Кат4_1131;Д
Кат4_1179;Д
Кат4_1237;Д
Кат4_1353;Д
Кат4_1381;Д
Кат4_194;Д
Кат4_262;Д
Кат4_293;Д
Кат4_440;Д
Кат4_456;Д
Кат4_49;Д
Кат4_52;Д
Кат4_679;Д
Кат4_738;Д
Кат4_740;Д
Кат4_741;Д
Кат4_875;Д
Кат4_1176;Д
Кат4_1251;Д
Кат4_1252;Д
Кат4_1367;Д
Кат4_1511;Д
Кат4_290;Д
Кат4_3315;Д
Кат4_3369;Д
Кат4_3620;Д
Кат4_3792;Д
Кат4_1123;Д
Кат4_122;Д
Кат4_1249;Д
Кат4_1278;Д
Кат4_142;Д
Кат4_149;Д
Кат4_15;Д
Кат4_1757;Д
Кат4_178;Д
Кат4_2199;Д
Кат4_232;Д
Кат4_2357;Д
Кат4_24;Д
Кат4_2522;Д
Кат4_2570;Д
Кат4_278;Д
Кат4_338;Д
Кат4_428;Д
Кат4_445;Д
Кат4_454;Д
Кат4_469;Д
Кат4_48;Д
Кат4_660;Д
Кат4_676;Д
Кат4_749;Д
Кат4_814;Д
Кат4_829;Д
Кат4_1447;Д
Кат4_1618;Д
Кат4_2207;Д
Кат4_2446;Д
Кат4_2506;Д
Кат4_2610;Д
Кат4_2821;Д
Кат4_2840;Д
Кат4_3208;Д
Кат4_4426;Д
Кат4_704;Д
Кат4_753;Д
Кат4_856;Д
Кат4_879;Д
Кат4_1149;Д
Кат4_2371;Д
Кат4_2515;Д
Кат4_257;Д
Кат4_37;Д
Кат4_416;Д
Кат4_417;Д
Кат4_559;Д
Кат4_717;Д
Кат4_1934;Д
Кат4_347;Д
Кат4_523;Д
Кат4_644;Д
Кат4_33;Д
Кат4_3371;Д
Кат4_495;Д
Кат4_645;Д
Кат4_1836;Д
Кат4_2237;Д
Кат4_39;Д
Кат4_418;Д
Кат4_481;Д
Кат4_62;Д
Кат4_672;Д
Кат4_800;Д
Кат4_893;Д
Кат4_1084;Д
Кат4_1216;Д
Кат4_1775;Д
Кат4_2034;Д
Кат4_2075;Д
Кат4_2127;Д
Кат4_2135;Д
Кат4_2742;Д
Кат4_3490;Д
Кат4_357;Д
Кат4_377;Д
Кат4_3875;Д
Кат4_569;Д
Кат4_571;Д
Кат4_615;Д
Кат4_663;Д
Кат4_709;Д
Кат4_748;Д
Кат4_822;Д
Кат4_940;Д
Кат4_1058;Д
Кат4_1156;Д
Кат4_119;Д
Кат4_1314;Д
Кат4_1426;Д
Кат4_1433;Д
Кат4_1882;Д
Кат4_2169;Д
Кат4_248;Д
Кат4_252;Д
Кат4_324;Д
Кат4_369;Д
Кат4_540;Д
Кат4_567;Д
Кат4_60;Д
Кат4_1144;Д
Кат4_244;Д
Кат4_3044;Д
Кат4_541;Д
Кат4_731;Д
Кат4_76;Д
Кат4_1051;Д
Кат4_1220;Д
Кат4_1479;Д
Кат4_1502;Д
Кат4_1524;Д
Кат4_1638;Д
Кат4_1687;Д
Кат4_1778;Д
Кат4_179;Д
Кат4_1870;Д
Кат4_1909;Д
Кат4_1949;Д
Кат4_2044;Д
Кат4_2141;Д
Кат4_2341;Д
Кат4_2953;Д
Кат4_566;Д
Кат4_655;Д
Кат4_873;Д
Кат4_894;Д
Кат4_162;Д
Кат4_1678;Д
Кат4_1924;Д
Кат4_2049;Д
Кат4_407;Д
Кат4_465;Д
Кат4_557;Д
Кат4_835;Д
Кат4_497;Д
Кат4_1105;Д
Кат4_1107;Д
Кат4_1111;Д
Кат4_1142;Д
Кат4_1154;Д
Кат4_1205;Д
Кат4_1267;Д
Кат4_127;Д
Кат4_1311;Д
Кат4_1338;Д
Кат4_158;Д
Кат4_1656;Д
Кат4_1708;Д
Кат4_1711;Д
Кат4_1749;Д
Кат4_176;Д
Кат4_1801;Д
Кат4_1868;Д
Кат4_1874;Д
Кат4_1961;Д
Кат4_2107;Д
Кат4_2121;Д
Кат4_2198;Д
Кат4_2295;Д
Кат4_2351;Д
Кат4_2407;Д
Кат4_2499;Д
Кат4_279;Д
Кат4_2929;Д
Кат4_3249;Д
Кат4_3482;Д
Кат4_358;Д
Кат4_3708;Д
Кат4_3948;Д
Кат4_3976;Д
Кат4_450;Д
Кат4_470;Д
Кат4_577;Д
Кат4_602;Д
Кат4_661;Д
Кат4_688;Д
Кат4_773;Д
Кат4_795;Д
Кат4_819;Д
Кат4_836;Д
Кат4_920;Д
Кат4_93;Д
Кат4_930;Д
Кат4_968;Д
Кат4_970;Д
Кат4_1223;Д
Кат4_1272;Д
Кат4_1561;Д
Кат4_1614;Д
Кат4_1699;Д
Кат4_1879;Д
Кат4_1887;Д
Кат4_1932;Д
Кат4_2001;Д
Кат4_2191;Д
Кат4_2906;Д
Кат4_3028;Д
Кат4_3867;Д
Кат4_3983;Д
Кат4_1065;Д
Кат4_1097;Д
Кат4_1129;Д
Кат4_128;Д
Кат4_132;Д
Кат4_137;Д
Кат4_1423;Д
Кат4_1460;Д
Кат4_1463;Д
Кат4_1485;Д
Кат4_1537;Д
Кат4_16;Д
Кат4_165;Д
Кат4_169;Д
Кат4_184;Д
Кат4_2128;Д
Кат4_2266;Д
Кат4_23;Д
Кат4_239;Д
Кат4_294;Д
Кат4_295;Д
Кат4_296;Д
Кат4_300;Д
Кат4_314;Д
Кат4_315;Д
Кат4_318;Д
Кат4_335;Д
Кат4_354;Д
Кат4_380;Д
Кат4_401;Д
Кат4_434;Д
Кат4_46;Д
Кат4_460;Д
Кат4_461;Д
Кат4_462;Д
Кат4_468;Д
Кат4_480;Д
Кат4_484;Д
Кат4_534;Д
Кат4_572;Д
Кат4_626;Д
Кат4_628;Д
Кат4_641;Д
Кат4_66;Д
Кат4_69;Д
Кат4_730;Д
Кат4_735;Д
Кат4_840;Д
Кат4_841;Д
Кат4_844;Д
Кат4_862;Д
Кат4_904;Д
Кат4_936;Д
Кат4_953;Д
Кат4_961;Д
Кат4_974;Д
Кат4_992;Д
Кат4_1145;Д
Кат4_1256;Д
Кат4_1370;Д
Кат4_1714;Д
Кат4_2040;Д
Кат4_883;Д
Кат4_576;Д
Кат4_10;Д
Кат4_1007;Д
Кат4_1008;Д
Кат4_1012;Д
Кат4_1069;Д
Кат4_1134;Д
Кат4_1147;Д
Кат4_1160;Д
Кат4_1167;Д
Кат4_1200;Д
Кат4_1213;Д
Кат4_1295;Д
Кат4_1297;Д
Кат4_1336;Д
Кат4_1366;Д
Кат4_1382;Д
Кат4_1390;Д
Кат4_14;Д
Кат4_1452;Д
Кат4_1491;Д
Кат4_1569;Д
Кат4_1581;Д
Кат4_159;Д
Кат4_1613;Д
Кат4_1644;Д
Кат4_1796;Д
Кат4_1798;Д
Кат4_180;Д
Кат4_1824;Д
Кат4_1943;Д
Кат4_2016;Д
Кат4_2061;Д
Кат4_2072;Д
Кат4_2103;Д
Кат4_2157;Д
Кат4_2225;Д
Кат4_226;Д
Кат4_2275;Д
Кат4_2276;Д
Кат4_2279;Д
Кат4_233;Д
Кат4_2338;Д
Кат4_2339;Д
Кат4_2352;Д
Кат4_2391;Д
Кат4_2422;Д
Кат4_2453;Д
Кат4_2465;Д
Кат4_2527;Д
Кат4_2531;Д
Кат4_2536;Д
Кат4_2540;Д
Кат4_2573;Д
Кат4_2727;Д
Кат4_274;Д
Кат4_2777;Д
Кат4_286;Д
Кат4_303;Д
Кат4_3048;Д
Кат4_3115;Д
Кат4_320;Д
Кат4_34;Д
Кат4_3440;Д
Кат4_366;Д
Кат4_3678;Д
Кат4_3760;Д
Кат4_431;Д
Кат4_436;Д
Кат4_442;Д
Кат4_533;Д
Кат4_538;Д
Кат4_560;Д
Кат4_563;Д
Кат4_581;Д
Кат4_596;Д
Кат4_618;Д
Кат4_681;Д
Кат4_713;Д
Кат4_75;Д
Кат4_778;Д
Кат4_791;Д
Кат4_807;Д
Кат4_874;Д
Кат4_921;Д
Кат4_932;Д
Кат4_942;Д
Кат4_959;Д
Кат4_96;Д
Кат4_964;Д
Кат4_976;Д
Кат4_977;Д
Кат4_978;Д
Кат4_2611;Д
Кат4_762;Д
Кат4_2916;Д
Кат4_3414;ДЗ
Кат4_12;Д
Кат4_1659;Д
Кат4_1820;Д
Кат4_1946;Д
Кат4_1979;Д
Кат4_2089;Д
Кат4_2411;Д
Кат4_2497;Д
Кат4_2645;Д
Кат4_2672;Д
Кат4_2688;Д
Кат4_280;Д
Кат4_2903;Д
Кат4_2940;Д
Кат4_2997;Д
Кат4_3062;Д
Кат4_3352;Д
Кат4_3798;Д
Кат4_38;Д
Кат4_695;Д
Кат4_737;Д
Кат4_2702;Д
Кат4_1122;Д
Кат4_151;Д
Кат4_1933;Д
Кат4_2148;Д
Кат4_2406;Д
Кат4_28;Д
Кат4_3363;Д
Кат4_3815;Д
Кат4_41;Д
Кат4_493;Д
Кат4_716;Д
Кат4_1289;Д
Кат4_1688;Д
Кат4_1752;Д
Кат4_1781;Д
Кат4_246;Д
Кат4_283;Д
Кат4_2920;Д
Кат4_3667;Д
Кат4_636;Д
Кат4_906;Д
Кат4_1041;Д
Кат4_1528;Д
Кат4_1625;Д
Кат4_177;Д
Кат4_3550;Д
Кат4_420;Д
Кат4_811;Д
Кат4_918;Д
Кат4_1017;Д
Кат4_153;Д
Кат4_2012;Д
Кат4_2489;Д
Кат4_2956;Д
Кат4_3045;Д
Кат4_2039;Д
Кат4_653;Д
Кат4_1626;Д
Кат4_919;Д
Кат4_1579;Д
Кат4_1035;Д
Кат4_1036;Д
Кат4_1119;Д
Кат4_116;Д
Кат4_1161;Д
Кат4_125;Д
Кат4_1333;Д
Кат4_1432;Д
Кат4_154;Д
Кат4_1557;Д
Кат4_1563;Д
Кат4_1799;Д
Кат4_1969;Д
Кат4_20;Д
Кат4_2187;Д
Кат4_220;Д
Кат4_223;Д
Кат4_229;Д
Кат4_241;Д
Кат4_2682;Д
Кат4_2683;Д
Кат4_301;Д
Кат4_36;Д
Кат4_368;Д
Кат4_372;Д
Кат4_378;Д
Кат4_386;Д
Кат4_429;Д
Кат4_479;Д
Кат4_531;Д
Кат4_553;Д
Кат4_570;Д
Кат4_592;Д
Кат4_610;Д
Кат4_623;Д
Кат4_665;Д
Кат4_772;Д
Кат4_817;Д
Кат4_859;Д
Кат4_887;Д
Кат4_892;Д
Кат4_90;Д
Кат4_903;Д
Кат4_915;Д
Кат4_967;Д
Кат4_1369;Д
Кат4_1942;Д
Кат4_3211;Д
Кат4_51;Д
Кат4_1062;Д
Кат4_11;Д
Кат4_1180;Д
Кат4_1199;Д
Кат4_1241;Д
Кат4_1364;Д
Кат4_1443;Д
Кат4_1604;Д
Кат4_1849;Д
Кат4_2018;Д
Кат4_212;Д
Кат4_221;Д
Кат4_2241;Д
Кат4_2431;Д
Кат4_304;Д
Кат4_329;Д
Кат4_3386;Д
Кат4_3615;Д
Кат4_399;Д
Кат4_519;Д
Кат4_568;Д
Кат4_690;Д
Кат4_783;Д
Кат4_79;Д
Кат4_112;Д
Кат4_1335;Д
Кат4_1360;Д
Кат4_1471;Д
Кат4_1505;Д
Кат4_1513;Д
Кат4_1567;Д
Кат4_1701;Д
Кат4_1833;Д
Кат4_1889;Д
Кат4_1899;Д
Кат4_2117;Д
Кат4_2131;Д
Кат4_2345;Д
Кат4_2574;Д
Кат4_2772;Д
Кат4_2800;Д
Кат4_3008;Д
Кат4_3261;Д
Кат4_3606;Д
Кат4_3619;Д
Кат4_409;Д
Кат4_4351;Д
Кат4_525;Д
Кат4_650;Д
Кат4_1328;Д
Кат4_1501;Д
Кат4_1529;Д
Кат4_1809;Д
Кат4_2059;Д
Кат4_2108;Д
Кат4_2656;Д
Кат4_2701;Д
Кат4_2746;Д
Кат4_3334;Д
Кат4_4289;Д
Кат4_777;Д
Кат4_1786;Д
Кат4_1542;Д
Кат4_1929;Д
Кат4_204;Д
Кат4_3102;Д
Кат4_332;Д
Кат4_3843;Д
Кат4_3997;Д
Кат4_532;Д
Кат4_958;Д
Кат4_996;Д
Кат4_1187;Д
Кат4_1686;Д
Кат4_1923;Д
Кат4_1977;Д
Кат4_2070;Д
Кат4_2443;Д
Кат4_2664;Д
Кат4_2737;Д
Кат4_2939;Д
Кат4_2989;Д
Кат4_3219;Д
Кат4_322;Д
Кат4_379;Д
Кат4_668;Д
Кат4_775;Д
Кат4_951;Д
Кат4_982;Д
Кат4_1351;Д
Кат4_1538;Д
Кат4_1753;Д
Кат4_2051;Д
Кат4_2231;Д
Кат4_2694;Д
Кат4_2802;Д
Кат4_3054;Д
Кат4_580;Д
Кат4_1055;Д
Кат4_1130;Д
Кат4_1190;Д
Кат4_1324;Д
Кат4_1329;Д
Кат4_135;Д
Кат4_1421;Д
Кат4_1435;Д
Кат4_1499;Д
Кат4_1515;Д
Кат4_1594;Д
Кат4_1621;Д
Кат4_1732;Д
Кат4_181;Д
Кат4_1863;Д
Кат4_1888;Д
Кат4_196;Д
Кат4_211;Д
Кат4_2125;Д
Кат4_2139;Д
Кат4_215;Д
Кат4_2168;Д
Кат4_2173;Д
Кат4_2252;Д
Кат4_2289;Д
Кат4_2337;Д
Кат4_2637;Д
Кат4_2797;Д
Кат4_2839;Д
Кат4_3019;Д
Кат4_311;Д
Кат4_3150;Д
Кат4_3177;Д
Кат4_3201;Д
Кат4_348;Д
Кат4_412;Д
Кат4_419;Д
Кат4_720;Д
Кат4_726;Д
Кат4_801;Д
Кат4_944;Д
Кат4_988;Д
Кат4_1327;Д
Кат4_1334;Д
Кат4_1393;Д
Кат4_1441;Д
Кат4_1512;Д
Кат4_1607;Д
Кат4_1712;Д
Кат4_2130;Д
Кат4_2172;Д
Кат4_2291;Д
Кат4_237;Д
Кат4_2472;Д
Кат4_2634;Д
Кат4_2652;Д
Кат4_2713;Д
Кат4_2750;Д
Кат4_2779;Д
Кат4_2811;Д
Кат4_2856;Д
Кат4_2917;Д
Кат4_2926;Д
Кат4_3082;Д
Кат4_3473;Д
Кат4_3821;Д
Кат4_3896;Д
Кат4_4148;Д
Кат4_4430;Д
Кат4_666;Д
Кат4_754;Д
Кат4_757;Д
Кат4_997;Д
Кат4_2159;Д
Кат4_3408;Д
Кат4_1015;Д
Кат4_115;Д
Кат4_141;Д
Кат4_1518;Д
Кат4_1556;Д
Кат4_1629;Д
Кат4_1873;Д
Кат4_2110;Д
Кат4_2469;Д
Кат4_2660;Д
Кат4_271;Д
Кат4_2763;Д
Кат4_3273;Д
Кат4_3443;Д
Кат4_396;Д
Кат4_4194;Д
Кат4_522;Д
Кат4_1459;Д
Кат4_2353;Д
Кат4_2900;Д
Кат4_381;Д
Кат4_991;Д
Кат4_1919;Д
Кат4_1990;Д
Кат4_2983;Д
Кат4_3413;Д
Кат4_345;Д
Кат4_3725;Д
Кат4_1346;Д
Кат4_1958;Д
Кат4_2037;Д
Кат4_2069;Д
Кат4_2464;Д
Кат4_2703;Д
Кат4_4053;Д
Кат4_607;Д
Кат4_692;Д
Кат4_765;Д
Кат4_102;Д
Кат4_1023;Д
Кат4_1031;Д
Кат4_1124;Д
Кат4_1171;Д
Кат4_1212;Д
Кат4_1239;Д
Кат4_1280;Д
Кат4_138;Д
Кат4_1388;Д
Кат4_1453;Д
Кат4_1507;Д
Кат4_164;Д
Кат4_1713;Д
Кат4_1792;Д
Кат4_1856;Д
Кат4_1956;Д
Кат4_1983;Д
Кат4_2119;Д
Кат4_2221;Д
Кат4_2236;Д
Кат4_2367;Д
Кат4_2872;Д
Кат4_2886;Д
Кат4_3106;Д
Кат4_415;Д
Кат4_4175;Д
Кат4_4197;Д
Кат4_439;Д
Кат4_601;Д
Кат4_779;Д
Кат4_780;Д
Кат4_787;Д
Кат4_803;Д
Кат4_899;Д
Кат4_1018;Д
Кат4_1025;Д
Кат4_1052;Д
Кат4_1296;Д
Кат4_1342;Д
Кат4_1439;Д
Кат4_147;Д
Кат4_1472;Д
Кат4_1536;Д
Кат4_1568;Д
Кат4_1592;Д
Кат4_1695;Д
Кат4_1705;Д
Кат4_1709;Д
Кат4_1848;Д
Кат4_1852;Д
Кат4_202;Д
Кат4_2078;Д
Кат4_2151;Д
Кат4_2152;Д
Кат4_2154;Д
Кат4_222;Д
Кат4_2222;Д
Кат4_2235;Д
Кат4_2286;Д
Кат4_2317;Д
Кат4_2327;Д
Кат4_2343;Д
Кат4_2381;Д
Кат4_2392;Д
Кат4_2396;Д
Кат4_2419;Д
Кат4_2426;Д
Кат4_2579;Д
Кат4_2805;Д
Кат4_2951;Д
Кат4_3111;Д
Кат4_3521;Д
Кат4_385;Д
Кат4_392;Д
Кат4_508;Д
Кат4_543;Д
Кат4_603;Д
Кат4_608;Д
Кат4_673;Д
Кат4_696;Д
Кат4_719;Д
Кат4_725;Д
Кат4_756;Д
Кат4_845;Д
Кат4_847;Д
Кат4_952;Д
Кат4_1362;Д
Кат4_2730;Д
Кат4_2913;Д
Кат4_3038;Д
Кат4_693;Д
Кат4_769;Д
Кат4_1490;Д
Кат4_2467;Д
Кат4_2982;Д
Кат4_3522;Д
Кат4_1988;Д
Кат4_1913;Д
Кат4_1684;Д
Кат4_1580;Д
Кат4_549;Д
Кат4_2315;Д
Кат4_3623;А
Кат4_2124;ДЗ
Кат4_2942;ДЗ
Кат4_1002;Б
Кат4_1224;Б
Кат4_1616;Б
Кат4_1636;Б
Кат4_1664;Б
Кат4_1794;Б
Кат4_2458;Б
Кат4_2605;Б
Кат4_4234;Б
Кат4_433;Б
Кат4_486;Б
Кат4_955;Б
Кат4_1014;Б
Кат4_1021;Б
Кат4_1068;Б
Кат4_1074;Б
Кат4_1093;Б
Кат4_1202;Б
Кат4_1265;Б
Кат4_1323;Б
Кат4_1331;Б
Кат4_1352;Б
Кат4_1404;Б
Кат4_1437;Б
Кат4_144;Б
Кат4_1461;Б
Кат4_1496;Б
Кат4_1617;Б
Кат4_1645;Б
Кат4_1650;Б
Кат4_1693;Б
Кат4_1726;Б
Кат4_1855;Б
Кат4_195;Б
Кат4_1957;Б
Кат4_1968;Б
Кат4_2024;Б
Кат4_2052;Б
Кат4_2058;Б
Кат4_208;Б
Кат4_230;Б
Кат4_2309;Б
Кат4_2318;Б
Кат4_240;Б
Кат4_2455;Б
Кат4_2603;Б
Кат4_2659;Б
Кат4_266;Б
Кат4_2667;Б
Кат4_2673;Б
Кат4_2729;Б
Кат4_2851;Б
Кат4_2852;Б
Кат4_2904;Б
Кат4_3023;Б
Кат4_3047;Б
Кат4_3112;Б
Кат4_3161;Б
Кат4_326;Б
Кат4_4293;Б
Кат4_43;Б
Кат4_444;Б
Кат4_467;Б
Кат4_529;Б
Кат4_548;Б
Кат4_561;Б
Кат4_605;Б
Кат4_635;Б
Кат4_694;Б
Кат4_697;Б
Кат4_7;Б
Кат4_77;Б
Кат4_774;Б
Кат4_839;Б
Кат4_853;Б
Кат4_886;Б
Кат4_934;Б
Кат4_954;Б
Кат4_975;Б
Кат4_2485;Д
Кат4_1;Д
Кат4_1057;Д
Кат4_1078;Д
Кат4_1127;Д
Кат4_1189;Д
Кат4_1196;Д
Кат4_123;Д
Кат4_1246;Д
Кат4_1255;Д
Кат4_1266;Д
Кат4_1292;Д
Кат4_13;Д
Кат4_1300;Д
Кат4_131;Д
Кат4_1365;Д
Кат4_1442;Д
Кат4_148;Д
Кат4_1481;Д
Кат4_152;Д
Кат4_1520;Д
Кат4_1584;Д
Кат4_1605;Д
Кат4_161;Д
Кат4_1707;Д
Кат4_1717;Д
Кат4_173;Д
Кат4_18;Д
Кат4_1822;Д
Кат4_193;Д
Кат4_1989;Д
Кат4_2003;Д
Кат4_2202;Д
Кат4_2250;Д
Кат4_2272;Д
Кат4_2320;Д
Кат4_236;Д
Кат4_238;Д
Кат4_2415;Д
Кат4_249;Д
Кат4_25;Д
Кат4_251;Д
Кат4_256;Д
Кат4_2595;Д
Кат4_2613;Д
Кат4_2693;Д
Кат4_2755;Д
Кат4_2934;Д
Кат4_2986;Д
Кат4_307;Д
Кат4_3117;Д
Кат4_325;Д
Кат4_3250;Д
Кат4_344;Д
Кат4_3448;Д
Кат4_349;Д
Кат4_3533;Д
Кат4_3548;Д
Кат4_355;Д
Кат4_364;Д
Кат4_3668;Д
Кат4_3729;Д
Кат4_3935;Д
Кат4_398;Д
Кат4_403;Д
Кат4_414;Д
Кат4_4187;Д
Кат4_44;Д
Кат4_447;Д
Кат4_4513;Д
Кат4_4556;Д
Кат4_466;Д
Кат4_47;Д
Кат4_489;Д
Кат4_491;Д
Кат4_496;Д
Кат4_506;Д
Кат4_55;Д
Кат4_555;Д
Кат4_584;Д
Кат4_593;Д
Кат4_606;Д
Кат4_619;Д
Кат4_63;Д
Кат4_680;Д
Кат4_70;Д
Кат4_722;Д
Кат4_784;Д
Кат4_798;Д
Кат4_804;Д
Кат4_88;Д
Кат4_917;Д
Кат4_935;Д
Кат4_948;Д
Кат4_98;Д
Кат4_1087;Д
Кат4_166;Д
Кат4_1980;Д
Кат4_2374;Д
Кат4_2428;Д
Кат4_2468;Д
Кат4_3569;Д
Кат4_3614;Д
Кат4_4310;Д
Кат4_1445;Д
Кат4_1573;Д
Кат4_1780;Д
Кат4_2137;Д
Кат4_2204;Д
Кат4_2385;Д
Кат4_3298;Д
Кат4_3330;Д
Кат4_3504;Д
Кат4_3881;Д
Кат4_100;Д
Кат4_126;Д
Кат4_1819;Д
Кат4_2243;Д
Кат4_2858;Д
Кат4_29;Д
Кат4_3013;Д
Кат4_331;Д
Кат4_537;Д
Кат4_657;Д
Кат4_882;Д
Кат4_99;Д
Кат4_1004;Д
Кат4_1095;Д
Кат4_1141;Д
Кат4_1286;Д
Кат4_1750;Д
Кат4_1834;Д
Кат4_1866;Д
Кат4_2015;Д
Кат4_2228;Д
Кат4_2495;Д
Кат4_2557;Д
Кат4_2567;Д
Кат4_2895;Д
Кат4_3034;Д
Кат4_3720;Д
Кат4_3779;Д
Кат4_972;Д
Кат4_1273;Д
Кат4_4276;Д
Кат4_4046;Д
Кат4_1301;Д
Кат4_432;Д
Кат4_514;Д
Кат4_2021;Д
Кат4_2461;Д
Кат4_2612;Д
Кат4_449;Д
Кат4_707;Д
Кат4_1245;Д
Кат4_1582;Д
Кат4_1872;Д
Кат4_2233;Д
Кат4_2307;Д
Кат4_2370;Д
Кат4_3974;Д
Кат4_638;Д
Кат4_926;Д
Кат4_1003;Д
Кат4_1897;Д
Кат4_2155;Д
Кат4_2323;Д
Кат4_281;Д
Кат4_287;Д
Кат4_863;Д
Кат4_999;Д
Кат4_589;Д
Кат4_664;Д
Кат4_785;Д
Кат4_1032;Д
Кат4_1045;Д
Кат4_1132;Д
Кат4_1136;Д
Кат4_1139;Д
Кат4_1188;Д
Кат4_120;Д
Кат4_1446;Д
Кат4_1586;Д
Кат4_1610;Д
Кат4_1945;Д
Кат4_2007;Д
Кат4_2253;Д
Кат4_2778;Д
Кат4_359;Д
Кат4_3593;Д
Кат4_413;Д
Кат4_501;Д
Кат4_547;Д
Кат4_588;Д
Кат4_599;Д
Кат4_61;Д
Кат4_744;Д
Кат4_80;Д
Кат4_834;Д
Кат4_854;Д
Кат4_1024;Д
Кат4_1040;Д
Кат4_1158;Д
Кат4_1343;Д
Кат4_1467;Д
Кат4_1495;Д
Кат4_1521;Д
Кат4_1533;Д
Кат4_1559;Д
Кат4_1703;Д
Кат4_1727;Д
Кат4_1760;Д
Кат4_1808;Д
Кат4_1811;Д
Кат4_1950;Д
Кат4_2067;Д
Кат4_2284;Д
Кат4_2600;Д
Кат4_2625;Д
Кат4_2866;Д
Кат4_3173;Д
Кат4_3209;Д
Кат4_3362;Д
Кат4_50;Д
Кат4_611;Д
Кат4_622;Д
Кат4_703;Д
Кат4_745;Д
Кат4_821;Д
Кат4_827;Д
Кат4_92;Д
Кат4_1263;Д
Кат4_130;Д
Кат4_282;Д
Кат4_796;Д
Кат4_1219;Д
Кат4_2990;Д
Кат4_3312;Д
Кат4_394;Д
Кат4_3085;Д
Кат4_1912;Д
Кат4_1508;Д
Кат4_1668;Д
Кат4_1783;Д
Кат4_2785;Д
Кат4_3064;Д
Кат4_361;Д
Кат4_3871;Д
Кат4_483;Д
Кат4_658;Д
Кат4_771;Д
Кат4_104;Д
Кат4_1682;Д
Кат4_1772;Д
Кат4_1881;Д
Кат4_1925;Д
Кат4_2019;Д
Кат4_2116;Д
Кат4_2314;Д
Кат4_2734;Д
Кат4_2893;Д
Кат4_3204;Д
Кат4_1908;Д
Кат4_2145;Д
Кат4_2459;Д
Кат4_258;Д
Кат4_3281;Д
Кат4_1029;Д
Кат4_1497;Д
Кат4_1522;Д
Кат4_1637;Д
Кат4_2487;Д
Кат4_2784;Д
Кат4_3095;Д
Кат4_3221;Д
Кат4_4038;Д
Кат4_590;Д
Кат4_591;Д
Кат4_620;Д
Кат4_764;Д
Кат4_1050;Д
Кат4_1391;Д
Кат4_1647;Д
Кат4_1715;Д
Кат4_199;Д
Кат4_2179;Д
Кат4_2254;Д
Кат4_242;Д
Кат4_2509;Д
Кат4_2530;Д
Кат4_2960;Д
Кат4_2972;Д
Кат4_2994;Д
Кат4_3073;Д
Кат4_3182;Д
Кат4_3491;Д
Кат4_632;Д
Кат4_923;Д
Кат4_1704;Д
Кат4_1741;Д
Кат4_2136;Д
Кат4_2205;Д
Кат4_2261;Д
Кат4_3280;Д
Кат4_4668;Д
Кат4_485;Д
Кат4_1046;Д
Кат4_1451;Д
Кат4_1615;Д
Кат4_1930;Д
Кат4_2973;Д
Кат4_3591;Д
Кат4_3818;Д
Кат4_1094;Д
Кат4_1250;Д
Кат4_1548;Д
Кат4_1583;Д
Кат4_1628;Д
Кат4_1962;Д
Кат4_2297;Д
Кат4_2432;Д
Кат4_2593;Д
Кат4_3535;Д
Кат4_637;Д
Кат4_639;Д
Кат4_767;Д
Кат4_1815;Д
Кат4_2036;Д
Кат4_2192;Д
Кат4_2444;Д
Кат4_3210;Д
Кат4_3525;Д
Кат4_3665;Д
Кат4_452;Д
Кат4_458;Д
Кат4_487;Д
Кат4_1293;Д
Кат4_1264;Д
Кат4_1310;Д
Кат4_1531;Д
Кат4_1535;Д
Кат4_1612;Д
Кат4_183;Д
Кат4_2234;Д
Кат4_2246;Д
Кат4_2334;Д
Кат4_2336;Д
Кат4_247;Д
Кат4_2490;Д
Кат4_2558;Д
Кат4_2622;Д
Кат4_2809;Д
Кат4_2881;Д
Кат4_2921;Д
Кат4_2946;Д
Кат4_306;Д
Кат4_3122;Д
Кат4_3263;Д
Кат4_3450;Д
Кат4_360;Д
Кат4_363;Д
Кат4_3732;Д
Кат4_390;Д
Кат4_4161;Д
Кат4_425;Д
Кат4_4455;Д
Кат4_631;Д
Кат4_74;Д
Кат4_750;Д
Кат4_768;Д
Кат4_799;Д
Кат4_855;Д
Кат4_858;Д
Кат4_1022;Д
Кат4_1117;Д
Кат4_1281;Д
Кат4_1769;Д
Кат4_1776;Д
Кат4_1898;Д
Кат4_2716;Д
Кат4_2912;Д
Кат4_298;Д
Кат4_3037;Д
Кат4_3545;Д
Кат4_4089;Д
Кат4_4207;Д
Кат4_634;Д
Кат4_106;Д
Кат4_1230;Д
Кат4_1619;Д
Кат4_1692;Д
Кат4_1706;Д
Кат4_2259;Д
Кат4_2363;Д
Кат4_2375;Д
Кат4_2534;Д
Кат4_2636;Д
Кат4_3339;Д
Кат4_3366;Д
Кат4_3461;Д
Кат4_3513;Д
Кат4_3693;Д
Кат4_3721;Д
Кат4_3938;Д
Кат4_4096;Д
Кат4_4170;Д
Кат4_4500;Д
Кат4_877;Д
Кат4_1258;Д
Кат4_1661;Д
Кат4_1758;Д
Кат4_3379;Д
Кат4_3573;Д
Кат4_395;Д
Кат4_1892;Д
Кат4_3030;Д
Кат4_656;Д
Кат4_2212;Д
Кат4_2287;Д
Кат4_3180;Д
Кат4_3256;Д
Кат4_3385;Д
Кат4_1038;Д
Кат4_1183;Д
Кат4_1261;Д
Кат4_136;Д
Кат4_1412;Д
Кат4_1543;Д
Кат4_1571;Д
Кат4_1738;Д
Кат4_1821;Д
Кат4_192;Д
Кат4_1960;Д
Кат4_2010;Д
Кат4_2033;Д
Кат4_2076;Д
Кат4_2090;Д
Кат4_2247;Д
Кат4_225;Д
Кат4_243;Д
Кат4_2623;Д
Кат4_2869;Д
Кат4_2993;Д
Кат4_3237;Д
Кат4_3437;Д
Кат4_351;Д
Кат4_3823;Д
Кат4_4117;Д
Кат4_4251;Д
Кат4_578;Д
Кат4_579;Д
Кат4_938;Д
Кат4_943;Д
Кат4_1113;Д
Кат4_1120;Д
Кат4_1218;Д
Кат4_1253;Д
Кат4_1348;Д
Кат4_1430;Д
Кат4_1436;Д
Кат4_1498;Д
Кат4_1591;Д
Кат4_1756;Д
Кат4_1952;Д
Кат4_1965;Д
Кат4_1978;Д
Кат4_2029;Д
Кат4_2149;Д
Кат4_2182;Д
Кат4_2214;Д
Кат4_2555;Д
Кат4_2616;Д
Кат4_2738;Д
Кат4_3157;Д
Кат4_3175;Д
Кат4_3205;Д
Кат4_3355;Д
Кат4_340;Д
Кат4_4036;Д
Кат4_575;Д
Кат4_640;Д
Кат4_751;Д
Кат4_759;Д
Кат4_786;Д
Кат4_1080;Д
Кат4_2030;Д
Кат4_2194;Д
Кат4_2658;Д
Кат4_2709;Д
Кат4_2875;Д
Кат4_3142;Д
Кат4_3822;Д
Кат4_515;Д
Кат4_552;Д
Кат4_598;Д
Кат4_933;Д
Кат4_1998;Д
Кат4_343;Д
Кат4_752;Д
Кат4_872;Д
Кат4_1606;Д
Кат4_1793;Д
Кат4_3370;Д
Кат4_3909;Д
Кат4_1503;Д
Кат4_2394;Д
Кат4_1936;Д
Кат4_2594;Д
Кат4_1060;Б
Кат4_3771;Б
Кат4_905;Б
Кат4_3458;Д
Кат4_500;Д
Кат4_546;Д
Кат4_3547;Д
Кат4_2031;Д
Кат4_1049;Д
Кат4_1694;Д
Кат4_2190;Д
Кат4_2764;Д
Кат4_3380;Д
Кат4_3883;Д
Кат4_474;Д
Кат4_929;Д
Кат4_2796;Д
Кат4_3109;Д
Кат4_1164;Д
Кат4_2060;Д
Кат4_2980;Д
Кат4_3311;Д
Кат4_4634;Д
Кат4_4635;Д
Кат4_3324;Д
Кат4_4392;Д
Кат4_1740;Д
Кат4_3024;Д
Кат4_1178;Д
Кат4_1290;Д
Кат4_1361;Д
Кат4_2077;Д
Кат4_2416;Д
Кат4_2560;Д
Кат4_2707;Д
Кат4_1332;Д
Кат4_1858;Д
Кат4_2401;Д
Кат4_2827;Д
Кат4_3637;Д
Кат4_367;А
Кат4_1088;Д
Кат4_1283;Pharma
Кат4_1420;Pharma
Кат4_1424;Pharma
Кат4_1480;Pharma
Кат4_157;Д
Кат4_1729;Pharma
Кат4_1765;Pharma
Кат4_1767;Pharma
Кат4_1955;Pharma
Кат4_2046;Д
Кат4_2099;Д
Кат4_2227;Pharma
Кат4_2365;Pharma
Кат4_2438;Pharma
Кат4_2517;Pharma
Кат4_2521;Pharma
Кат4_2704;Pharma
Кат4_3325;Pharma
Кат4_3722;Pharma
Кат4_384;Pharma
Кат4_423;Pharma
Кат4_448;Д
Кат4_558;Д
Кат4_595;Д
Кат4_609;Д
Кат4_662;Pharma
Кат4_743;Д
Кат4_782;Д
Кат4_810;Pharma
Кат4_824;Pharma
Кат4_902;Pharma
Кат4_907;Pharma
Кат4_995;Д
Кат4_1238;Pharma
Кат4_139;Pharma
Кат4_2248;Pharma
Кат4_2298;Pharma
Кат4_2876;Pharma
Кат4_3481;Pharma
Кат4_498;Pharma
Кат4_813;Pharma
Кат4_1185;Б
Кат4_2006;Б
Кат4_305;Д
Кат4_3091;Д
Кат4_2828;Д
Кат4_4235;Д
Кат4_587;Д
Кат4_3514;Д
Кат4_4271;Д
Кат4_2055;Д
Кат4_3405;Д
Кат4_3055;Д
Кат4_2274;Д
Кат4_1209;Д
Кат4_2000;Pharma
Кат4_3789;Б
Кат4_4639;Д
Кат4_536;Pharma
Кат4_1492;Д
Кат4_4373;Д
Кат4_4594;Д
Кат4_1469;Д
Кат4_3829;Б
Кат4_2642;Д
Кат4_1175;Д
Кат4_2665;Д
Кат4_1674;Д
Кат4_1832;Д
Кат4_3087;Д
Кат4_3913;Д
Кат4_2025;Д
Кат4_2523;Д
Кат4_3954;Д
Кат4_3147;Д
Кат4_1527;Д
Кат4_3915;Д
Кат4_1697;Д
Кат4_1354;Д
Кат4_1609;Д
Кат4_259;Д
Кат4_97;Д
Кат4_1020;Г
Кат4_1067;Г
Кат4_1089;Г
Кат4_1115;Г
Кат4_1195;Г
Кат4_1217;Г
Кат4_1247;Г
Кат4_1389;Г
Кат4_1397;Г
Кат4_1409;Г
Кат4_1414;Г
Кат4_1444;Г
Кат4_1468;Г
Кат4_1486;Г
Кат4_1519;Г
Кат4_1646;Г
Кат4_1672;Г
Кат4_1689;Г
Кат4_1818;Г
Кат4_1837;Г
Кат4_1906;Г
Кат4_201;Г
Кат4_2094;Г
Кат4_2113;Г
Кат4_2114;Г
Кат4_2118;Г
Кат4_214;Г
Кат4_2140;Г
Кат4_2251;Г
Кат4_2268;Г
Кат4_228;Г
Кат4_2293;Г
Кат4_2346;Г
Кат4_2373;Г
Кат4_2379;Г
Кат4_2387;Г
Кат4_2402;Г
Кат4_2408;Г
Кат4_2427;Г
Кат4_2477;Г
Кат4_2488;Г
Кат4_2640;Г
Кат4_2676;Г
Кат4_2687;Г
Кат4_2691;Г
Кат4_2697;Г
Кат4_2726;Г
Кат4_2749;Г
Кат4_2793;Г
Кат4_2803;Г
Кат4_2836;Г
Кат4_2863;Г
Кат4_3132;Г
Кат4_3227;Г
Кат4_3296;Г
Кат4_3374;Г
Кат4_3434;Г
Кат4_3501;Г
Кат4_3669;Г
Кат4_4265;Г
Кат4_516;Г
Кат4_630;Г
Кат4_633;Г
Кат4_667;Г
Кат4_691;Г
Кат4_702;Г
Кат4_732;Г
Кат4_794;Г
Кат4_833;Г
Кат4_843;Г
Кат4_864;Г
Кат4_884;Г
Кат4_928;Г
Кат4_95;Г
Кат4_956;Г
Кат4_957;Г
Кат4_983;Г
Кат4_989;Г
Кат4_1226;Д
Кат4_1371;Д
Кат4_2825;Д
Кат4_393;Д
Кат4_761;Д
Кат4_865;Д
Кат4_2319;Д
Кат4_3098;Д
Кат4_4098;Д
Кат4_616;Д
Кат4_1669;Д
Кат4_809;Д
Кат4_316;Д
Кат4_3878;Д
Кат4_2095;Д
Кат4_2947;Д
Кат4_3140;Д
Кат4_4474;Д
Кат4_4521;Д
Кат4_2789;Д
Кат4_4210;Д
Кат4_1935;Д
Кат4_3215;Д
Кат4_3477;Д
Кат4_2335;Д
Кат4_2897;Д
Кат4_3010;Д
Кат4_627;Д
Кат4_172;Д
Кат4_2404;Д
Кат4_675;Д
Кат4_4169;Д
Кат4_776;Д
Кат4_2924;Д
Кат4_1231;Д
Кат4_1347;Д
Кат4_1677;Д
Кат4_1993;Д
Кат4_2100;Д
Кат4_2757;Д
Кат4_435;Д
Кат4_600;Д
Кат4_797;Д
Кат4_203;Д
Кат4_4524;Д
Кат4_1566;Д
Кат4_3398;Д
Кат4_3118;Д
Кат4_3921;Д
Кат4_895;Д
Кат4_3092;Д
Кат4_1106;Буф А
Кат4_1319;Буф А
Кат4_1635;Буф А
Кат4_1941;Буф А
Кат4_2788;Буф А
Кат4_3855;Буф А
Кат4_733;Д
Кат4_1764;Д
Кат4_2256;Д
Кат4_2300;Д
Кат4_365;Д
Кат4_4009;Д
Кат4_6;Д
Кат4_3360;Г
Кат4_2216;ДЗ
Кат4_3644;Буф А
Кат4_1774;Буф А
Кат4_2483;В
Кат4_1545;Д
Кат4_2824;Д
Кат4_4644;Д
Кат4_4690;Д
Кат4_1789;Д
Кат4_2542;Д
Кат4_1001;Д
